"Problem","Package","File","Priority","Line","Description","Rule set","Rule"
"1","com.cognizant.controller","src/com/cognizant/controller/ApplyEducationLoanController.java","3","28","Use explicit scoping instead of the default package private level","Controversial Rules","DefaultPackage"
"2","com.cognizant.controller","src/com/cognizant/controller/ApplyEducationLoanController.java","3","29","Found non-transient, non-static member. Please mark as transient or provide accessors.","JavaBean Rules","BeanMembersShouldSerialize"
"3","com.cognizant.controller","src/com/cognizant/controller/ApplyEducationLoanController.java","3","30","Use explicit scoping instead of the default package private level","Controversial Rules","DefaultPackage"
"4","com.cognizant.controller","src/com/cognizant/controller/ApplyEducationLoanController.java","3","31","Found non-transient, non-static member. Please mark as transient or provide accessors.","JavaBean Rules","BeanMembersShouldSerialize"
"5","com.cognizant.controller","src/com/cognizant/controller/ApplyEducationLoanController.java","3","31","Use explicit scoping instead of the default package private level","Controversial Rules","DefaultPackage"
"6","com.cognizant.controller","src/com/cognizant/controller/ApplyEducationLoanController.java","3","37","Parameter 'AccName' is not assigned and could be declared final","Optimization Rules","MethodArgumentCouldBeFinal"
"7","com.cognizant.controller","src/com/cognizant/controller/ApplyEducationLoanController.java","3","37","Parameter 'model' is not assigned and could be declared final","Optimization Rules","MethodArgumentCouldBeFinal"
"8","com.cognizant.controller","src/com/cognizant/controller/ApplyEducationLoanController.java","3","46","Parameter 'educationLoan' is not assigned and could be declared final","Optimization Rules","MethodArgumentCouldBeFinal"
"9","com.cognizant.controller","src/com/cognizant/controller/ApplyEducationLoanController.java","3","47","Parameter 'model' is not assigned and could be declared final","Optimization Rules","MethodArgumentCouldBeFinal"
"10","com.cognizant.controller","src/com/cognizant/controller/ApplyEducationLoanController.java","3","47","Parameter 'msg' is not assigned and could be declared final","Optimization Rules","MethodArgumentCouldBeFinal"
"11","com.cognizant.controller","src/com/cognizant/controller/ApplyEducationLoanController.java","3","48","Local variable 'accountNumber' could be declared final","Optimization Rules","LocalVariableCouldBeFinal"
"12","com.cognizant.controller","src/com/cognizant/controller/ApplyEducationLoanController.java","3","58","Avoid excessively long variable names like constraintViolations","Naming Rules","LongVariable"
"13","com.cognizant.controller","src/com/cognizant/controller/ApplyEducationLoanController.java","3","58","Local variable 'constraintViolations' could be declared final","Optimization Rules","LocalVariableCouldBeFinal"
"14","com.cognizant.controller","src/com/cognizant/controller/ApplyEducationLoanController.java","3","59","Local variable 'iterator' could be declared final","Optimization Rules","LocalVariableCouldBeFinal"
"15","com.cognizant.controller","src/com/cognizant/controller/ApplyEducationLoanController.java","3","61","Local variable 'next' could be declared final","Optimization Rules","LocalVariableCouldBeFinal"
"16","com.cognizant.controller","src/com/cognizant/controller/ApplyEducationLoanController.java","3","71","Avoid printStackTrace(); use a logger call instead.","Java Logging Rules","AvoidPrintStackTrace"
"17","com.cognizant.controller","src/com/cognizant/controller/ApplyEducationLoanController.java","3","74","Avoid variables with short names like sb","Naming Rules","ShortVariable"
"18","com.cognizant.controller","src/com/cognizant/controller/ApplyEducationLoanController.java","3","74","Local variable 'sb' could be declared final","Optimization Rules","LocalVariableCouldBeFinal"
"19","com.cognizant.controller","src/com/cognizant/controller/ApplyEducationLoanController.java","3","81","Avoid printStackTrace(); use a logger call instead.","Java Logging Rules","AvoidPrintStackTrace"
"20","com.cognizant.controller","src/com/cognizant/controller/ApplyEducationLoanController.java","3","87","A method should have only one exit point, and that should be the last statement in the method","Controversial Rules","OnlyOneReturn"
"21","com.cognizant.controller","src/com/cognizant/controller/ApplyEducationLoanController.java","3","92","Avoid using if...else statements without curly braces","Braces Rules","IfElseStmtsMustUseBraces"
"22","com.cognizant.controller","src/com/cognizant/controller/ApplyHomeLoanController.java","4","9","Avoid duplicate imports such as 'org.apache.log4j.Logger'","Import Statement Rules","DuplicateImports"
"23","com.cognizant.controller","src/com/cognizant/controller/ApplyHomeLoanController.java","3","25","Use explicit scoping instead of the default package private level","Controversial Rules","DefaultPackage"
"24","com.cognizant.controller","src/com/cognizant/controller/ApplyHomeLoanController.java","3","26","Avoid excessively long variable names like applyHomeLoanService","Naming Rules","LongVariable"
"25","com.cognizant.controller","src/com/cognizant/controller/ApplyHomeLoanController.java","3","26","Found non-transient, non-static member. Please mark as transient or provide accessors.","JavaBean Rules","BeanMembersShouldSerialize"
"26","com.cognizant.controller","src/com/cognizant/controller/ApplyHomeLoanController.java","3","27","Found non-transient, non-static member. Please mark as transient or provide accessors.","JavaBean Rules","BeanMembersShouldSerialize"
"27","com.cognizant.controller","src/com/cognizant/controller/ApplyHomeLoanController.java","3","27","Use explicit scoping instead of the default package private level","Controversial Rules","DefaultPackage"
"28","com.cognizant.controller","src/com/cognizant/controller/ApplyHomeLoanController.java","3","31","Parameter 'AccName' is not assigned and could be declared final","Optimization Rules","MethodArgumentCouldBeFinal"
"29","com.cognizant.controller","src/com/cognizant/controller/ApplyHomeLoanController.java","3","31","Parameter 'model' is not assigned and could be declared final","Optimization Rules","MethodArgumentCouldBeFinal"
"30","com.cognizant.controller","src/com/cognizant/controller/ApplyHomeLoanController.java","3","39","Parameter 'homeLoan' is not assigned and could be declared final","Optimization Rules","MethodArgumentCouldBeFinal"
"31","com.cognizant.controller","src/com/cognizant/controller/ApplyHomeLoanController.java","3","39","Parameter 'result' is not assigned and could be declared final","Optimization Rules","MethodArgumentCouldBeFinal"
"32","com.cognizant.controller","src/com/cognizant/controller/ApplyHomeLoanController.java","3","40","Parameter 'model' is not assigned and could be declared final","Optimization Rules","MethodArgumentCouldBeFinal"
"33","com.cognizant.controller","src/com/cognizant/controller/ApplyHomeLoanController.java","3","41","Local variable 'accountNumber' could be declared final","Optimization Rules","LocalVariableCouldBeFinal"
"34","com.cognizant.controller","src/com/cognizant/controller/ApplyHomeLoanController.java","3","44","Local variable 'loanAccNum' could be declared final","Optimization Rules","LocalVariableCouldBeFinal"
"35","com.cognizant.controller","src/com/cognizant/controller/ApplyHomeLoanController.java","3","45","Avoid variables with short names like id","Naming Rules","ShortVariable"
"36","com.cognizant.controller","src/com/cognizant/controller/ApplyHomeLoanController.java","3","45","Local variable 'id' could be declared final","Optimization Rules","LocalVariableCouldBeFinal"
"37","com.cognizant.controller","src/com/cognizant/controller/ApplyHomeLoanController.java","3","55","Avoid excessively long variable names like constraintViolations","Naming Rules","LongVariable"
"38","com.cognizant.controller","src/com/cognizant/controller/ApplyHomeLoanController.java","3","55","Local variable 'constraintViolations' could be declared final","Optimization Rules","LocalVariableCouldBeFinal"
"39","com.cognizant.controller","src/com/cognizant/controller/ApplyHomeLoanController.java","3","56","Local variable 'iterator' could be declared final","Optimization Rules","LocalVariableCouldBeFinal"
"40","com.cognizant.controller","src/com/cognizant/controller/ApplyHomeLoanController.java","3","69","Avoid printStackTrace(); use a logger call instead.","Java Logging Rules","AvoidPrintStackTrace"
"41","com.cognizant.controller","src/com/cognizant/controller/ApplyHomeLoanController.java","3","72","Avoid variables with short names like sb","Naming Rules","ShortVariable"
"42","com.cognizant.controller","src/com/cognizant/controller/ApplyHomeLoanController.java","3","80","Avoid printStackTrace(); use a logger call instead.","Java Logging Rules","AvoidPrintStackTrace"
"43","com.cognizant.controller","src/com/cognizant/controller/ApplyHomeLoanController.java","3","87","A method should have only one exit point, and that should be the last statement in the method","Controversial Rules","OnlyOneReturn"
"44","com.cognizant.controller","src/com/cognizant/controller/ApplyHomeLoanController.java","3","91","Avoid using if...else statements without curly braces","Braces Rules","IfElseStmtsMustUseBraces"
"45","com.cognizant.controller","src/com/cognizant/controller/PerformTransactionController.java","3","25","Use explicit scoping instead of the default package private level","Controversial Rules","DefaultPackage"
"46","com.cognizant.controller","src/com/cognizant/controller/PerformTransactionController.java","3","26","Found non-transient, non-static member. Please mark as transient or provide accessors.","JavaBean Rules","BeanMembersShouldSerialize"
"47","com.cognizant.controller","src/com/cognizant/controller/PerformTransactionController.java","3","27","Avoid excessively long variable names like transactionDetails","Naming Rules","LongVariable"
"48","com.cognizant.controller","src/com/cognizant/controller/PerformTransactionController.java","3","27","Use explicit scoping instead of the default package private level","Controversial Rules","DefaultPackage"
"49","com.cognizant.controller","src/com/cognizant/controller/PerformTransactionController.java","3","32","Parameter 'AccName' is not assigned and could be declared final","Optimization Rules","MethodArgumentCouldBeFinal"
"50","com.cognizant.controller","src/com/cognizant/controller/PerformTransactionController.java","3","32","Parameter 'model' is not assigned and could be declared final","Optimization Rules","MethodArgumentCouldBeFinal"
"51","com.cognizant.controller","src/com/cognizant/controller/PerformTransactionController.java","3","40","Avoid excessively long variable names like transactionDetails","Naming Rules","LongVariable"
"52","com.cognizant.controller","src/com/cognizant/controller/PerformTransactionController.java","3","40","Parameter 'transactionDetails' is not assigned and could be declared final","Optimization Rules","MethodArgumentCouldBeFinal"
"53","com.cognizant.controller","src/com/cognizant/controller/PerformTransactionController.java","3","41","Parameter 'model' is not assigned and could be declared final","Optimization Rules","MethodArgumentCouldBeFinal"
"54","com.cognizant.controller","src/com/cognizant/controller/PerformTransactionController.java","3","41","Parameter 'msg' is not assigned and could be declared final","Optimization Rules","MethodArgumentCouldBeFinal"
"55","com.cognizant.controller","src/com/cognizant/controller/PerformTransactionController.java","3","42","Local variable 'accountNumber' could be declared final","Optimization Rules","LocalVariableCouldBeFinal"
"56","com.cognizant.controller","src/com/cognizant/controller/PerformTransactionController.java","3","53","Avoid excessively long variable names like constraintViolations","Naming Rules","LongVariable"
"57","com.cognizant.controller","src/com/cognizant/controller/PerformTransactionController.java","3","53","Local variable 'constraintViolations' could be declared final","Optimization Rules","LocalVariableCouldBeFinal"
"58","com.cognizant.controller","src/com/cognizant/controller/PerformTransactionController.java","3","54","Local variable 'iterator' could be declared final","Optimization Rules","LocalVariableCouldBeFinal"
"59","com.cognizant.controller","src/com/cognizant/controller/PerformTransactionController.java","3","56","Local variable 'next' could be declared final","Optimization Rules","LocalVariableCouldBeFinal"
"60","com.cognizant.controller","src/com/cognizant/controller/PerformTransactionController.java","3","70","Avoid variables with short names like s","Naming Rules","ShortVariable"
"61","com.cognizant.controller","src/com/cognizant/controller/PerformTransactionController.java","3","70","Local variable 's' could be declared final","Optimization Rules","LocalVariableCouldBeFinal"
"62","com.cognizant.controller","src/com/cognizant/controller/PerformTransactionController.java","3","71","Avoid calling toString() on String objects; this is unnecessary.","String and StringBuffer Rules","StringToString"
"63","com.cognizant.controller","src/com/cognizant/controller/PerformTransactionController.java","3","71","Avoid calling toString() on String objects; this is unnecessary.","String and StringBuffer Rules","StringToString"
"64","com.cognizant.controller","src/com/cognizant/controller/PerformTransactionController.java","3","72","A method should have only one exit point, and that should be the last statement in the method","Controversial Rules","OnlyOneReturn"
"65","com.cognizant.controller","src/com/cognizant/controller/PerformTransactionController.java","3","79","Avoid printStackTrace(); use a logger call instead.","Java Logging Rules","AvoidPrintStackTrace"
"66","com.cognizant.controller","src/com/cognizant/controller/PerformTransactionController.java","3","85","A method should have only one exit point, and that should be the last statement in the method","Controversial Rules","OnlyOneReturn"
"67","com.cognizant.controller","src/com/cognizant/controller/UserLoginController.java","4","6","Avoid unused imports such as 'javax.servlet.http.HttpServletRequest'","Import Statement Rules","UnusedImports"
"68","com.cognizant.controller","src/com/cognizant/controller/UserLoginController.java","4","6","Avoid unused imports such as 'javax.servlet.http.HttpServletRequest'","Import Statement Rules","UnusedImports"
"69","com.cognizant.controller","src/com/cognizant/controller/UserLoginController.java","4","18","Avoid unused imports such as 'com.cognizant.entity.EducationLoan'","Import Statement Rules","UnusedImports"
"70","com.cognizant.controller","src/com/cognizant/controller/UserLoginController.java","4","18","Avoid unused imports such as 'com.cognizant.entity.EducationLoan'","Import Statement Rules","UnusedImports"
"71","com.cognizant.controller","src/com/cognizant/controller/UserLoginController.java","3","22","Use explicit scoping instead of the default package private level","Controversial Rules","DefaultPackage"
"72","com.cognizant.controller","src/com/cognizant/controller/UserLoginController.java","3","23","Found non-transient, non-static member. Please mark as transient or provide accessors.","JavaBean Rules","BeanMembersShouldSerialize"
"73","com.cognizant.controller","src/com/cognizant/controller/UserLoginController.java","3","25","Parameter 'AccNo' is not assigned and could be declared final","Optimization Rules","MethodArgumentCouldBeFinal"
"74","com.cognizant.controller","src/com/cognizant/controller/UserLoginController.java","3","25","Parameter 'model' is not assigned and could be declared final","Optimization Rules","MethodArgumentCouldBeFinal"
"75","com.cognizant.controller","src/com/cognizant/controller/UserLoginController.java","3","29","Local variable 'accountNumber' could be declared final","Optimization Rules","LocalVariableCouldBeFinal"
"76","com.cognizant.controller","src/com/cognizant/controller/UserLoginController.java","3","30","Local variable 'userDetails' could be declared final","Optimization Rules","LocalVariableCouldBeFinal"
"77","com.cognizant.controller","src/com/cognizant/controller/UserLoginController.java","3","36","Parameter 'model' is not assigned and could be declared final","Optimization Rules","MethodArgumentCouldBeFinal"
"78","com.cognizant.controller","src/com/cognizant/controller/UserLoginController.java","3","36","Parameter 'msg' is not assigned and could be declared final","Optimization Rules","MethodArgumentCouldBeFinal"
"79","com.cognizant.controller","src/com/cognizant/controller/UserLoginController.java","3","40","Local variable 'accountNumber' could be declared final","Optimization Rules","LocalVariableCouldBeFinal"
"80","com.cognizant.controller","src/com/cognizant/controller/UserLoginController.java","3","44","Local variable 'userDetails' could be declared final","Optimization Rules","LocalVariableCouldBeFinal"
"81","com.cognizant.controller","src/com/cognizant/controller/UserLoginController.java","3","46","Local variable 'List' could be declared final","Optimization Rules","LocalVariableCouldBeFinal"
"82","com.cognizant.controller","src/com/cognizant/controller/ViewEducationLoanController.java","3","21","Use explicit scoping instead of the default package private level","Controversial Rules","DefaultPackage"
"83","com.cognizant.controller","src/com/cognizant/controller/ViewEducationLoanController.java","3","22","Found non-transient, non-static member. Please mark as transient or provide accessors.","JavaBean Rules","BeanMembersShouldSerialize"
"84","com.cognizant.controller","src/com/cognizant/controller/ViewEducationLoanController.java","3","23","Use explicit scoping instead of the default package private level","Controversial Rules","DefaultPackage"
"85","com.cognizant.controller","src/com/cognizant/controller/ViewEducationLoanController.java","3","28","Parameter 'AccName' is not assigned and could be declared final","Optimization Rules","MethodArgumentCouldBeFinal"
"86","com.cognizant.controller","src/com/cognizant/controller/ViewEducationLoanController.java","3","28","Parameter 'AccNo' is not assigned and could be declared final","Optimization Rules","MethodArgumentCouldBeFinal"
"87","com.cognizant.controller","src/com/cognizant/controller/ViewEducationLoanController.java","3","28","Parameter 'model' is not assigned and could be declared final","Optimization Rules","MethodArgumentCouldBeFinal"
"88","com.cognizant.controller","src/com/cognizant/controller/ViewEducationLoanController.java","3","36","Parameter 'msg' is not assigned and could be declared final","Optimization Rules","MethodArgumentCouldBeFinal"
"89","com.cognizant.controller","src/com/cognizant/controller/ViewEducationLoanController.java","3","37","Local variable 'accountNumber' could be declared final","Optimization Rules","LocalVariableCouldBeFinal"
"90","com.cognizant.controller","src/com/cognizant/controller/ViewEducationLoanController.java","3","42","Local variable 'eduLoan' could be declared final","Optimization Rules","LocalVariableCouldBeFinal"
"91","com.cognizant.controller","src/com/cognizant/controller/ViewHomeLoanController.java","4","11","Avoid unused imports such as 'com.cognizant.entity.UserDetails'","Import Statement Rules","UnusedImports"
"92","com.cognizant.controller","src/com/cognizant/controller/ViewHomeLoanController.java","4","11","Avoid unused imports such as 'com.cognizant.entity.UserDetails'","Import Statement Rules","UnusedImports"
"93","com.cognizant.controller","src/com/cognizant/controller/ViewHomeLoanController.java","3","23","Use explicit scoping instead of the default package private level","Controversial Rules","DefaultPackage"
"94","com.cognizant.controller","src/com/cognizant/controller/ViewHomeLoanController.java","3","24","Avoid excessively long variable names like viewHomeLoanService","Naming Rules","LongVariable"
"95","com.cognizant.controller","src/com/cognizant/controller/ViewHomeLoanController.java","3","24","Found non-transient, non-static member. Please mark as transient or provide accessors.","JavaBean Rules","BeanMembersShouldSerialize"
"96","com.cognizant.controller","src/com/cognizant/controller/ViewHomeLoanController.java","3","25","Found non-transient, non-static member. Please mark as transient or provide accessors.","JavaBean Rules","BeanMembersShouldSerialize"
"97","com.cognizant.controller","src/com/cognizant/controller/ViewHomeLoanController.java","3","25","Perhaps 'homeLoans' could be replaced by a local variable.","Design Rules","SingularField"
"98","com.cognizant.controller","src/com/cognizant/controller/ViewHomeLoanController.java","3","30","Parameter 'AccName' is not assigned and could be declared final","Optimization Rules","MethodArgumentCouldBeFinal"
"99","com.cognizant.controller","src/com/cognizant/controller/ViewHomeLoanController.java","3","30","Parameter 'AccNo' is not assigned and could be declared final","Optimization Rules","MethodArgumentCouldBeFinal"
"100","com.cognizant.controller","src/com/cognizant/controller/ViewHomeLoanController.java","3","30","Parameter 'model' is not assigned and could be declared final","Optimization Rules","MethodArgumentCouldBeFinal"
"101","com.cognizant.controller","src/com/cognizant/controller/ViewHomeLoanController.java","3","37","Parameter 'msg' is not assigned and could be declared final","Optimization Rules","MethodArgumentCouldBeFinal"
"102","com.cognizant.controller","src/com/cognizant/controller/ViewHomeLoanController.java","3","38","Local variable 'accountNumber' could be declared final","Optimization Rules","LocalVariableCouldBeFinal"
"103","com.cognizant.controller","src/com/cognizant/controller/ViewTransactionController.java","3","20","Use explicit scoping instead of the default package private level","Controversial Rules","DefaultPackage"
"104","com.cognizant.controller","src/com/cognizant/controller/ViewTransactionController.java","3","21","Found non-transient, non-static member. Please mark as transient or provide accessors.","JavaBean Rules","BeanMembersShouldSerialize"
"105","com.cognizant.controller","src/com/cognizant/controller/ViewTransactionController.java","3","22","Avoid excessively long variable names like transactionDetails","Naming Rules","LongVariable"
"106","com.cognizant.controller","src/com/cognizant/controller/ViewTransactionController.java","3","22","Use explicit scoping instead of the default package private level","Controversial Rules","DefaultPackage"
"107","com.cognizant.controller","src/com/cognizant/controller/ViewTransactionController.java","3","27","Parameter 'AccName' is not assigned and could be declared final","Optimization Rules","MethodArgumentCouldBeFinal"
"108","com.cognizant.controller","src/com/cognizant/controller/ViewTransactionController.java","3","27","Parameter 'AccNo' is not assigned and could be declared final","Optimization Rules","MethodArgumentCouldBeFinal"
"109","com.cognizant.controller","src/com/cognizant/controller/ViewTransactionController.java","3","27","Parameter 'model' is not assigned and could be declared final","Optimization Rules","MethodArgumentCouldBeFinal"
"110","com.cognizant.controller","src/com/cognizant/controller/ViewTransactionController.java","3","35","Parameter 'msg' is not assigned and could be declared final","Optimization Rules","MethodArgumentCouldBeFinal"
"111","com.cognizant.controller","src/com/cognizant/controller/ViewTransactionController.java","3","36","Local variable 'accountNumber' could be declared final","Optimization Rules","LocalVariableCouldBeFinal"
"112","com.cognizant.controller","src/com/cognizant/controller/ViewTransactionController.java","3","40","Avoid excessively long variable names like transactionDetailsList","Naming Rules","LongVariable"
"113","com.cognizant.controller","src/com/cognizant/controller/ViewTransactionController.java","3","40","Local variable 'transactionDetailsList' could be declared final","Optimization Rules","LocalVariableCouldBeFinal"
"114","com.cognizant.dao","src/com/cognizant/dao/ApplicationDAO.java","3","3","Each class should declare at least one constructor","Controversial Rules","AtLeastOneConstructor"
"115","com.cognizant.dao","src/com/cognizant/dao/ApplyEducationLoanDAO.java","3","18","Avoid variables with short names like em","Naming Rules","ShortVariable"
"116","com.cognizant.dao","src/com/cognizant/dao/ApplyEducationLoanDAO.java","3","18","Found non-transient, non-static member. Please mark as transient or provide accessors.","JavaBean Rules","BeanMembersShouldSerialize"
"117","com.cognizant.dao","src/com/cognizant/dao/ApplyEducationLoanDAO.java","3","21","Parameter 'user' is not assigned and could be declared final","Optimization Rules","MethodArgumentCouldBeFinal"
"118","com.cognizant.dao","src/com/cognizant/dao/ApplyEducationLoanDAO.java","3","29","Avoid variables with short names like i","Naming Rules","ShortVariable"
"119","com.cognizant.dao","src/com/cognizant/dao/ApplyEducationLoanDAO.java","3","29","Parameter 'i' is not assigned and could be declared final","Optimization Rules","MethodArgumentCouldBeFinal"
"120","com.cognizant.dao","src/com/cognizant/dao/ApplyEducationLoanDAO.java","3","31","Local variable 'user' could be declared final","Optimization Rules","LocalVariableCouldBeFinal"
"121","com.cognizant.dao","src/com/cognizant/dao/ApplyHomeLoanDao.java","3","17","Avoid variables with short names like em","Naming Rules","ShortVariable"
"122","com.cognizant.dao","src/com/cognizant/dao/ApplyHomeLoanDao.java","3","17","Found non-transient, non-static member. Please mark as transient or provide accessors.","JavaBean Rules","BeanMembersShouldSerialize"
"123","com.cognizant.dao","src/com/cognizant/dao/ApplyHomeLoanDao.java","3","20","Parameter 'userDetails' is not assigned and could be declared final","Optimization Rules","MethodArgumentCouldBeFinal"
"124","com.cognizant.dao","src/com/cognizant/dao/ApplyHomeLoanDao.java","3","27","Avoid variables with short names like l","Naming Rules","ShortVariable"
"125","com.cognizant.dao","src/com/cognizant/dao/ApplyHomeLoanDao.java","3","27","Parameter 'l' is not assigned and could be declared final","Optimization Rules","MethodArgumentCouldBeFinal"
"126","com.cognizant.dao","src/com/cognizant/dao/ApplyHomeLoanDao.java","3","28","Local variable 'retrive' could be declared final","Optimization Rules","LocalVariableCouldBeFinal"
"127","com.cognizant.dao","src/com/cognizant/dao/PerformTransactionDAO.java","3","22","Avoid variables with short names like em","Naming Rules","ShortVariable"
"128","com.cognizant.dao","src/com/cognizant/dao/PerformTransactionDAO.java","3","22","Found non-transient, non-static member. Please mark as transient or provide accessors.","JavaBean Rules","BeanMembersShouldSerialize"
"129","com.cognizant.dao","src/com/cognizant/dao/PerformTransactionDAO.java","3","24","Parameter 'accountNumber' is not assigned and could be declared final","Optimization Rules","MethodArgumentCouldBeFinal"
"130","com.cognizant.dao","src/com/cognizant/dao/PerformTransactionDAO.java","3","25","Local variable 'user' could be declared final","Optimization Rules","LocalVariableCouldBeFinal"
"131","com.cognizant.dao","src/com/cognizant/dao/PerformTransactionDAO.java","3","30","Parameter 'accountNumber' is not assigned and could be declared final","Optimization Rules","MethodArgumentCouldBeFinal"
"132","com.cognizant.dao","src/com/cognizant/dao/PerformTransactionDAO.java","3","32","Local variable 'user' could be declared final","Optimization Rules","LocalVariableCouldBeFinal"
"133","com.cognizant.dao","src/com/cognizant/dao/PerformTransactionDAO.java","3","35","Local variable 'transaction' could be declared final","Optimization Rules","LocalVariableCouldBeFinal"
"134","com.cognizant.dao","src/com/cognizant/dao/PerformTransactionDAO.java","3","36","Consider simply returning the value vs storing it in local variable 'transaction'","Design Rules","UnnecessaryLocalBeforeReturn"
"135","com.cognizant.dao","src/com/cognizant/dao/UserDetailsDAO.java","3","15","Avoid variables with short names like em","Naming Rules","ShortVariable"
"136","com.cognizant.dao","src/com/cognizant/dao/UserDetailsDAO.java","3","15","Found non-transient, non-static member. Please mark as transient or provide accessors.","JavaBean Rules","BeanMembersShouldSerialize"
"137","com.cognizant.dao","src/com/cognizant/dao/UserDetailsDAO.java","3","18","Avoid variables with short names like u","Naming Rules","ShortVariable"
"138","com.cognizant.dao","src/com/cognizant/dao/UserDetailsDAO.java","3","18","Parameter 'u' is not assigned and could be declared final","Optimization Rules","MethodArgumentCouldBeFinal"
"139","com.cognizant.dao","src/com/cognizant/dao/UserDetailsDAO.java","3","23","Avoid variables with short names like l","Naming Rules","ShortVariable"
"140","com.cognizant.dao","src/com/cognizant/dao/UserDetailsDAO.java","3","23","Parameter 'l' is not assigned and could be declared final","Optimization Rules","MethodArgumentCouldBeFinal"
"141","com.cognizant.dao","src/com/cognizant/dao/UserDetailsDAO.java","3","25","Local variable 'retrive' could be declared final","Optimization Rules","LocalVariableCouldBeFinal"
"142","com.cognizant.dao","src/com/cognizant/dao/ViewEducationLoanDAO.java","3","20","Use explicit scoping instead of the default package private level","Controversial Rules","DefaultPackage"
"143","com.cognizant.dao","src/com/cognizant/dao/ViewEducationLoanDAO.java","3","21","Avoid variables with short names like em","Naming Rules","ShortVariable"
"144","com.cognizant.dao","src/com/cognizant/dao/ViewEducationLoanDAO.java","3","21","Found non-transient, non-static member. Please mark as transient or provide accessors.","JavaBean Rules","BeanMembersShouldSerialize"
"145","com.cognizant.dao","src/com/cognizant/dao/ViewEducationLoanDAO.java","3","24","Avoid variables with short names like i","Naming Rules","ShortVariable"
"146","com.cognizant.dao","src/com/cognizant/dao/ViewEducationLoanDAO.java","3","24","Parameter 'i' is not assigned and could be declared final","Optimization Rules","MethodArgumentCouldBeFinal"
"147","com.cognizant.dao","src/com/cognizant/dao/ViewEducationLoanDAO.java","3","27","Local variable 'retrive' could be declared final","Optimization Rules","LocalVariableCouldBeFinal"
"148","com.cognizant.dao","src/com/cognizant/dao/ViewHomeLoanDao.java","4","3","Avoid unused imports such as 'java.util.ArrayList'","Import Statement Rules","UnusedImports"
"149","com.cognizant.dao","src/com/cognizant/dao/ViewHomeLoanDao.java","4","3","Avoid unused imports such as 'java.util.ArrayList'","Import Statement Rules","UnusedImports"
"150","com.cognizant.dao","src/com/cognizant/dao/ViewHomeLoanDao.java","3","21","Avoid variables with short names like em","Naming Rules","ShortVariable"
"151","com.cognizant.dao","src/com/cognizant/dao/ViewHomeLoanDao.java","3","21","Found non-transient, non-static member. Please mark as transient or provide accessors.","JavaBean Rules","BeanMembersShouldSerialize"
"152","com.cognizant.dao","src/com/cognizant/dao/ViewHomeLoanDao.java","3","24","Avoid variables with short names like l","Naming Rules","ShortVariable"
"153","com.cognizant.dao","src/com/cognizant/dao/ViewHomeLoanDao.java","3","24","Parameter 'l' is not assigned and could be declared final","Optimization Rules","MethodArgumentCouldBeFinal"
"154","com.cognizant.dao","src/com/cognizant/dao/ViewHomeLoanDao.java","3","26","Local variable 'retrive' could be declared final","Optimization Rules","LocalVariableCouldBeFinal"
"155","com.cognizant.entity","src/com/cognizant/entity/EducationLoan.java","3","34","Avoid excessively long variable names like eduLoanAccountNumber","Naming Rules","LongVariable"
"156","com.cognizant.entity","src/com/cognizant/entity/EducationLoan.java","3","36","The String literal 'Mandatory field' appears 5 times in this file; the first occurrence is on line 36","String and StringBuffer Rules","AvoidDuplicateLiterals"
"157","com.cognizant.entity","src/com/cognizant/entity/EducationLoan.java","3","54","Avoid excessively long variable names like fatherAnnualIncome","Naming Rules","LongVariable"
"158","com.cognizant.entity","src/com/cognizant/entity/EducationLoan.java","3","83","Document empty constructor","Design Rules","UncommentedEmptyConstructor"
"159","com.cognizant.entity","src/com/cognizant/entity/EducationLoan.java","3","98","Avoid excessively long variable names like fatherAnnualIncome","Naming Rules","LongVariable"
"160","com.cognizant.entity","src/com/cognizant/entity/EducationLoan.java","3","98","Parameter 'eduLoanAmount' is not assigned and could be declared final","Optimization Rules","MethodArgumentCouldBeFinal"
"161","com.cognizant.entity","src/com/cognizant/entity/EducationLoan.java","3","98","Parameter 'eduLoanDuration' is not assigned and could be declared final","Optimization Rules","MethodArgumentCouldBeFinal"
"162","com.cognizant.entity","src/com/cognizant/entity/EducationLoan.java","3","98","Parameter 'fatherAnnualIncome' is not assigned and could be declared final","Optimization Rules","MethodArgumentCouldBeFinal"
"163","com.cognizant.entity","src/com/cognizant/entity/EducationLoan.java","3","98","Parameter 'loanApplyDate' is not assigned and could be declared final","Optimization Rules","MethodArgumentCouldBeFinal"
"164","com.cognizant.entity","src/com/cognizant/entity/EducationLoan.java","3","99","Parameter 'courseFee' is not assigned and could be declared final","Optimization Rules","MethodArgumentCouldBeFinal"
"165","com.cognizant.entity","src/com/cognizant/entity/EducationLoan.java","3","126","Avoid excessively long variable names like eduLoanAccountNumber","Naming Rules","LongVariable"
"166","com.cognizant.entity","src/com/cognizant/entity/EducationLoan.java","3","158","Avoid excessively long variable names like fatherAnnualIncome","Naming Rules","LongVariable"
"167","com.cognizant.entity","src/com/cognizant/entity/HomeLoan.java","4","12","Avoid unused imports such as 'javax.validation.constraints.Max'","Import Statement Rules","UnusedImports"
"168","com.cognizant.entity","src/com/cognizant/entity/HomeLoan.java","4","12","Avoid unused imports such as 'javax.validation.constraints.Max'","Import Statement Rules","UnusedImports"
"169","com.cognizant.entity","src/com/cognizant/entity/HomeLoan.java","4","15","Avoid unused imports such as 'javax.validation.constraints.Size'","Import Statement Rules","UnusedImports"
"170","com.cognizant.entity","src/com/cognizant/entity/HomeLoan.java","4","15","Avoid unused imports such as 'javax.validation.constraints.Size'","Import Statement Rules","UnusedImports"
"171","com.cognizant.entity","src/com/cognizant/entity/HomeLoan.java","4","18","Avoid unused imports such as 'org.springframework.format.annotation.DateTimeFormat'","Import Statement Rules","UnusedImports"
"172","com.cognizant.entity","src/com/cognizant/entity/HomeLoan.java","4","18","Avoid unused imports such as 'org.springframework.format.annotation.DateTimeFormat'","Import Statement Rules","UnusedImports"
"173","com.cognizant.entity","src/com/cognizant/entity/HomeLoan.java","3","20","No need to import a type that lives in the same package","Import Statement Rules","ImportFromSamePackage"
"174","com.cognizant.entity","src/com/cognizant/entity/HomeLoan.java","3","33","The String literal 'Mandatory field' appears 5 times in this file; the first occurrence is on line 33","String and StringBuffer Rules","AvoidDuplicateLiterals"
"175","com.cognizant.entity","src/com/cognizant/entity/HomeLoan.java","3","66","Parameter 'loanAccountNumber' is not assigned and could be declared final","Optimization Rules","MethodArgumentCouldBeFinal"
"176","com.cognizant.entity","src/com/cognizant/entity/HomeLoan.java","3","80","Parameter 'user' is not assigned and could be declared final","Optimization Rules","MethodArgumentCouldBeFinal"
"177","com.cognizant.entity","src/com/cognizant/entity/HomeLoan.java","3","88","Parameter 'homeLoanId' is not assigned and could be declared final","Optimization Rules","MethodArgumentCouldBeFinal"
"178","com.cognizant.entity","src/com/cognizant/entity/HomeLoan.java","3","96","Parameter 'loanAmount' is not assigned and could be declared final","Optimization Rules","MethodArgumentCouldBeFinal"
"179","com.cognizant.entity","src/com/cognizant/entity/HomeLoan.java","3","104","Parameter 'loanDuration' is not assigned and could be declared final","Optimization Rules","MethodArgumentCouldBeFinal"
"180","com.cognizant.entity","src/com/cognizant/entity/HomeLoan.java","3","180","Document empty constructor","Design Rules","UncommentedEmptyConstructor"
"181","com.cognizant.entity","src/com/cognizant/entity/UserDetails.java","3","14","Use explicit scoping instead of the default package private level","Controversial Rules","DefaultPackage"
"182","com.cognizant.entity","src/com/cognizant/entity/UserDetails.java","3","18","Use explicit scoping instead of the default package private level","Controversial Rules","DefaultPackage"
"183","com.cognizant.entity","src/com/cognizant/entity/UserDetails.java","3","22","Use explicit scoping instead of the default package private level","Controversial Rules","DefaultPackage"
"184","com.cognizant.entity","src/com/cognizant/entity/UserDetails.java","3","26","Use explicit scoping instead of the default package private level","Controversial Rules","DefaultPackage"
"185","com.cognizant.entity","src/com/cognizant/entity/UserDetails.java","3","38","Parameter 'homeLoan' is not assigned and could be declared final","Optimization Rules","MethodArgumentCouldBeFinal"
"186","com.cognizant.entity","src/com/cognizant/entity/UserDetails.java","3","42","Document empty constructor","Design Rules","UncommentedEmptyConstructor"
"187","com.cognizant.entity","src/com/cognizant/entity/UserDetails.java","3","45","Parameter 'accountBalance' is not assigned and could be declared final","Optimization Rules","MethodArgumentCouldBeFinal"
"188","com.cognizant.entity","src/com/cognizant/entity/UserDetails.java","3","45","Parameter 'accountNumber' is not assigned and could be declared final","Optimization Rules","MethodArgumentCouldBeFinal"
"189","com.cognizant.entity","src/com/cognizant/entity/UserDetails.java","3","45","Parameter 'accountType' is not assigned and could be declared final","Optimization Rules","MethodArgumentCouldBeFinal"
"190","com.cognizant.entity","src/com/cognizant/entity/UserDetails.java","3","45","Parameter 'acountHolderName' is not assigned and could be declared final","Optimization Rules","MethodArgumentCouldBeFinal"
"191","com.cognizant.exception","src/com/cognizant/exception/ApplicationException.java","3","4","Parameter 'message' is not assigned and could be declared final","Optimization Rules","MethodArgumentCouldBeFinal"
"192","com.cognizant.exception","src/com/cognizant/exception/ApplicationException.java","3","8","Parameter 'throwable' is not assigned and could be declared final","Optimization Rules","MethodArgumentCouldBeFinal"
"193","com.cognizant.exception","src/com/cognizant/exception/ApplicationException.java","3","12","Parameter 'message' is not assigned and could be declared final","Optimization Rules","MethodArgumentCouldBeFinal"
"194","com.cognizant.exception","src/com/cognizant/exception/ApplicationException.java","3","12","Parameter 'throwable' is not assigned and could be declared final","Optimization Rules","MethodArgumentCouldBeFinal"
"195","com.cognizant.exception","src/com/cognizant/exception/BankMangementException.java","3","5","Parameter 'msg' is not assigned and could be declared final","Optimization Rules","MethodArgumentCouldBeFinal"
"196","com.cognizant.exception","src/com/cognizant/exception/InvalidAccountBalance.java","3","5","Avoid variables with short names like s","Naming Rules","ShortVariable"
"197","com.cognizant.exception","src/com/cognizant/exception/InvalidAccountBalance.java","3","5","Parameter 's' is not assigned and could be declared final","Optimization Rules","MethodArgumentCouldBeFinal"
"198","com.cognizant.service","src/com/cognizant/service/AppSERV.java","3","3","Each class should declare at least one constructor","Controversial Rules","AtLeastOneConstructor"
"199","com.cognizant.service","src/com/cognizant/service/ApplyEducationLoanService.java","3","17","Use explicit scoping instead of the default package private level","Controversial Rules","DefaultPackage"
"200","com.cognizant.service","src/com/cognizant/service/ApplyEducationLoanService.java","3","18","Found non-transient, non-static member. Please mark as transient or provide accessors.","JavaBean Rules","BeanMembersShouldSerialize"
"201","com.cognizant.service","src/com/cognizant/service/ApplyEducationLoanService.java","3","19","Use explicit scoping instead of the default package private level","Controversial Rules","DefaultPackage"
"202","com.cognizant.service","src/com/cognizant/service/ApplyEducationLoanService.java","3","20","Found non-transient, non-static member. Please mark as transient or provide accessors.","JavaBean Rules","BeanMembersShouldSerialize"
"203","com.cognizant.service","src/com/cognizant/service/ApplyEducationLoanService.java","3","20","Use explicit scoping instead of the default package private level","Controversial Rules","DefaultPackage"
"204","com.cognizant.service","src/com/cognizant/service/ApplyEducationLoanService.java","3","21","Use explicit scoping instead of the default package private level","Controversial Rules","DefaultPackage"
"205","com.cognizant.service","src/com/cognizant/service/ApplyEducationLoanService.java","3","24","Avoid variables with short names like l","Naming Rules","ShortVariable"
"206","com.cognizant.service","src/com/cognizant/service/ApplyEducationLoanService.java","3","24","Parameter 'l' is not assigned and could be declared final","Optimization Rules","MethodArgumentCouldBeFinal"
"207","com.cognizant.service","src/com/cognizant/service/ApplyEducationLoanService.java","3","26","Local variable 'idcard' could be declared final","Optimization Rules","LocalVariableCouldBeFinal"
"208","com.cognizant.service","src/com/cognizant/service/ApplyEducationLoanService.java","3","27","Avoid variables with short names like id","Naming Rules","ShortVariable"
"209","com.cognizant.service","src/com/cognizant/service/ApplyEducationLoanService.java","3","27","Local variable 'id' could be declared final","Optimization Rules","LocalVariableCouldBeFinal"
"210","com.cognizant.service","src/com/cognizant/service/ApplyEducationLoanService.java","3","28","Consider simply returning the value vs storing it in local variable 'id'","Design Rules","UnnecessaryLocalBeforeReturn"
"211","com.cognizant.service","src/com/cognizant/service/ApplyEducationLoanService.java","3","32","Local variable 'num' could be declared final","Optimization Rules","LocalVariableCouldBeFinal"
"212","com.cognizant.service","src/com/cognizant/service/ApplyEducationLoanService.java","3","33","Consider simply returning the value vs storing it in local variable 'num'","Design Rules","UnnecessaryLocalBeforeReturn"
"213","com.cognizant.service","src/com/cognizant/service/ApplyEducationLoanService.java","3","36","Parameter 'user' is not assigned and could be declared final","Optimization Rules","MethodArgumentCouldBeFinal"
"214","com.cognizant.service","src/com/cognizant/service/ApplyEducationLoanService.java","3","42","Avoid variables with short names like e1","Naming Rules","ShortVariable"
"215","com.cognizant.service","src/com/cognizant/service/ApplyEducationLoanService.java","3","42","Avoid variables with short names like i","Naming Rules","ShortVariable"
"216","com.cognizant.service","src/com/cognizant/service/ApplyEducationLoanService.java","3","42","Parameter 'e1' is not assigned and could be declared final","Optimization Rules","MethodArgumentCouldBeFinal"
"217","com.cognizant.service","src/com/cognizant/service/ApplyEducationLoanService.java","3","42","Parameter 'i' is not assigned and could be declared final","Optimization Rules","MethodArgumentCouldBeFinal"
"218","com.cognizant.service","src/com/cognizant/service/ApplyEducationLoanService.java","3","44","Avoid variables with short names like id","Naming Rules","ShortVariable"
"219","com.cognizant.service","src/com/cognizant/service/ApplyEducationLoanService.java","3","44","Local variable 'id' could be declared final","Optimization Rules","LocalVariableCouldBeFinal"
"220","com.cognizant.service","src/com/cognizant/service/ApplyEducationLoanService.java","3","47","Local variable 'courseFee' could be declared final","Optimization Rules","LocalVariableCouldBeFinal"
"221","com.cognizant.service","src/com/cognizant/service/ApplyEducationLoanService.java","5","60","Found 'DD'-anomaly for variable 'count' (lines '60'-'63').","Controversial Rules","DataflowAnomalyAnalysis"
"222","com.cognizant.service","src/com/cognizant/service/ApplyEducationLoanService.java","5","63","Found 'DD'-anomaly for variable 'count' (lines '63'-'63').","Controversial Rules","DataflowAnomalyAnalysis"
"223","com.cognizant.service","src/com/cognizant/service/ApplyHomeLoanService.java","3","19","Use explicit scoping instead of the default package private level","Controversial Rules","DefaultPackage"
"224","com.cognizant.service","src/com/cognizant/service/ApplyHomeLoanService.java","3","20","Found non-transient, non-static member. Please mark as transient or provide accessors.","JavaBean Rules","BeanMembersShouldSerialize"
"225","com.cognizant.service","src/com/cognizant/service/ApplyHomeLoanService.java","3","21","Use explicit scoping instead of the default package private level","Controversial Rules","DefaultPackage"
"226","com.cognizant.service","src/com/cognizant/service/ApplyHomeLoanService.java","3","24","Use explicit scoping instead of the default package private level","Controversial Rules","DefaultPackage"
"227","com.cognizant.service","src/com/cognizant/service/ApplyHomeLoanService.java","3","25","Found non-transient, non-static member. Please mark as transient or provide accessors.","JavaBean Rules","BeanMembersShouldSerialize"
"228","com.cognizant.service","src/com/cognizant/service/ApplyHomeLoanService.java","3","25","Use explicit scoping instead of the default package private level","Controversial Rules","DefaultPackage"
"229","com.cognizant.service","src/com/cognizant/service/ApplyHomeLoanService.java","3","26","Avoid excessively long variable names like applyHomeLoanService","Naming Rules","LongVariable"
"230","com.cognizant.service","src/com/cognizant/service/ApplyHomeLoanService.java","3","26","It is somewhat confusing to have a field name matching the declaring class name","Naming Rules","AvoidFieldNameMatchingTypeName"
"231","com.cognizant.service","src/com/cognizant/service/ApplyHomeLoanService.java","3","26","Use explicit scoping instead of the default package private level","Controversial Rules","DefaultPackage"
"232","com.cognizant.service","src/com/cognizant/service/ApplyHomeLoanService.java","3","28","Parameter 'userDetails' is not assigned and could be declared final","Optimization Rules","MethodArgumentCouldBeFinal"
"233","com.cognizant.service","src/com/cognizant/service/ApplyHomeLoanService.java","3","34","Parameter 'accoNum' is not assigned and could be declared final","Optimization Rules","MethodArgumentCouldBeFinal"
"234","com.cognizant.service","src/com/cognizant/service/ApplyHomeLoanService.java","3","36","Avoid variables with short names like a","Naming Rules","ShortVariable"
"235","com.cognizant.service","src/com/cognizant/service/ApplyHomeLoanService.java","3","36","Local variable 'a' could be declared final","Optimization Rules","LocalVariableCouldBeFinal"
"236","com.cognizant.service","src/com/cognizant/service/ApplyHomeLoanService.java","3","37","Avoid variables with short names like id","Naming Rules","ShortVariable"
"237","com.cognizant.service","src/com/cognizant/service/ApplyHomeLoanService.java","3","37","Local variable 'id' could be declared final","Optimization Rules","LocalVariableCouldBeFinal"
"238","com.cognizant.service","src/com/cognizant/service/ApplyHomeLoanService.java","3","38","Consider simply returning the value vs storing it in local variable 'id'","Design Rules","UnnecessaryLocalBeforeReturn"
"239","com.cognizant.service","src/com/cognizant/service/ApplyHomeLoanService.java","3","42","Local variable 'num' could be declared final","Optimization Rules","LocalVariableCouldBeFinal"
"240","com.cognizant.service","src/com/cognizant/service/ApplyHomeLoanService.java","3","43","Consider simply returning the value vs storing it in local variable 'num'","Design Rules","UnnecessaryLocalBeforeReturn"
"241","com.cognizant.service","src/com/cognizant/service/ApplyHomeLoanService.java","3","46","Avoid variables with short names like e6","Naming Rules","ShortVariable"
"242","com.cognizant.service","src/com/cognizant/service/ApplyHomeLoanService.java","3","46","Avoid variables with short names like l","Naming Rules","ShortVariable"
"243","com.cognizant.service","src/com/cognizant/service/ApplyHomeLoanService.java","3","46","Parameter 'e6' is not assigned and could be declared final","Optimization Rules","MethodArgumentCouldBeFinal"
"244","com.cognizant.service","src/com/cognizant/service/ApplyHomeLoanService.java","3","46","Parameter 'l' is not assigned and could be declared final","Optimization Rules","MethodArgumentCouldBeFinal"
"245","com.cognizant.service","src/com/cognizant/service/ApplyHomeLoanService.java","5","47","Found 'DU'-anomaly for variable 'income' (lines '47'-'74').","Controversial Rules","DataflowAnomalyAnalysis"
"246","com.cognizant.service","src/com/cognizant/service/ApplyHomeLoanService.java","3","47","Local variable 'income' could be declared final","Optimization Rules","LocalVariableCouldBeFinal"
"247","com.cognizant.service","src/com/cognizant/service/ApplyHomeLoanService.java","5","49","Found 'DU'-anomaly for variable 'loanAmount' (lines '49'-'74').","Controversial Rules","DataflowAnomalyAnalysis"
"248","com.cognizant.service","src/com/cognizant/service/ApplyHomeLoanService.java","3","49","Local variable 'loanAmount' could be declared final","Optimization Rules","LocalVariableCouldBeFinal"
"249","com.cognizant.service","src/com/cognizant/service/ApplyHomeLoanService.java","3","59","Avoid unused local variables such as 'd1'.","Unused Code Rules","UnusedLocalVariable"
"250","com.cognizant.service","src/com/cognizant/service/ApplyHomeLoanService.java","3","59","Avoid variables with short names like d1","Naming Rules","ShortVariable"
"251","com.cognizant.service","src/com/cognizant/service/ApplyHomeLoanService.java","5","59","Found 'DU'-anomaly for variable 'd1' (lines '59'-'74').","Controversial Rules","DataflowAnomalyAnalysis"
"252","com.cognizant.service","src/com/cognizant/service/PerformTransactionService.java","3","21","Use explicit scoping instead of the default package private level","Controversial Rules","DefaultPackage"
"253","com.cognizant.service","src/com/cognizant/service/PerformTransactionService.java","3","22","Found non-transient, non-static member. Please mark as transient or provide accessors.","JavaBean Rules","BeanMembersShouldSerialize"
"254","com.cognizant.service","src/com/cognizant/service/PerformTransactionService.java","3","23","Avoid excessively long variable names like invalidAccountBalance","Naming Rules","LongVariable"
"255","com.cognizant.service","src/com/cognizant/service/PerformTransactionService.java","3","23","Use explicit scoping instead of the default package private level","Controversial Rules","DefaultPackage"
"256","com.cognizant.service","src/com/cognizant/service/PerformTransactionService.java","3","26","Parameter 'accountNumber' is not assigned and could be declared final","Optimization Rules","MethodArgumentCouldBeFinal"
"257","com.cognizant.service","src/com/cognizant/service/PerformTransactionService.java","3","26","Parameter 'transaction' is not assigned and could be declared final","Optimization Rules","MethodArgumentCouldBeFinal"
"258","com.cognizant.service","src/com/cognizant/service/PerformTransactionService.java","3","29","Local variable 'user' could be declared final","Optimization Rules","LocalVariableCouldBeFinal"
"259","com.cognizant.service","src/com/cognizant/service/PerformTransactionService.java","3","33","Local variable 'transactionList' could be declared final","Optimization Rules","LocalVariableCouldBeFinal"
"260","com.cognizant.service","src/com/cognizant/service/PerformTransactionService.java","3","43","Parameter 'transactionAmount' is not assigned and could be declared final","Optimization Rules","MethodArgumentCouldBeFinal"
"261","com.cognizant.service","src/com/cognizant/service/PerformTransactionService.java","3","43","Parameter 'transactionType' is not assigned and could be declared final","Optimization Rules","MethodArgumentCouldBeFinal"
"262","com.cognizant.service","src/com/cognizant/service/PerformTransactionService.java","3","43","Parameter 'user' is not assigned and could be declared final","Optimization Rules","MethodArgumentCouldBeFinal"
"263","com.cognizant.service","src/com/cognizant/service/PerformTransactionService.java","5","45","Found 'DD'-anomaly for variable 'newBalance' (lines '45'-'48').","Controversial Rules","DataflowAnomalyAnalysis"
"264","com.cognizant.service","src/com/cognizant/service/PerformTransactionService.java","5","45","Found 'DD'-anomaly for variable 'newBalance' (lines '45'-'53').","Controversial Rules","DataflowAnomalyAnalysis"
"265","com.cognizant.service","src/com/cognizant/service/PerformTransactionService.java","3","47","Position literals first in String comparisons","Design Rules","PositionLiteralsFirstInComparisons"
"266","com.cognizant.service","src/com/cognizant/service/PerformTransactionService.java","3","74","Avoid excessively long variable names like transactionDetails","Naming Rules","LongVariable"
"267","com.cognizant.service","src/com/cognizant/service/PerformTransactionService.java","3","74","Local variable 'transactionDetails' could be declared final","Optimization Rules","LocalVariableCouldBeFinal"
"268","com.cognizant.service","src/com/cognizant/service/PerformTransactionService.java","3","75","Consider simply returning the value vs storing it in local variable 'transactionDetails'","Design Rules","UnnecessaryLocalBeforeReturn"
"269","com.cognizant.service","src/com/cognizant/service/ViewEducationLoanService.java","3","15","Use explicit scoping instead of the default package private level","Controversial Rules","DefaultPackage"
"270","com.cognizant.service","src/com/cognizant/service/ViewEducationLoanService.java","3","16","Found non-transient, non-static member. Please mark as transient or provide accessors.","JavaBean Rules","BeanMembersShouldSerialize"
"271","com.cognizant.service","src/com/cognizant/service/ViewEducationLoanService.java","3","17","Found non-transient, non-static member. Please mark as transient or provide accessors.","JavaBean Rules","BeanMembersShouldSerialize"
"272","com.cognizant.service","src/com/cognizant/service/ViewEducationLoanService.java","3","17","Perhaps 'eduLoan' could be replaced by a local variable.","Design Rules","SingularField"
"273","com.cognizant.service","src/com/cognizant/service/ViewEducationLoanService.java","3","19","Avoid variables with short names like i","Naming Rules","ShortVariable"
"274","com.cognizant.service","src/com/cognizant/service/ViewEducationLoanService.java","3","19","Parameter 'i' is not assigned and could be declared final","Optimization Rules","MethodArgumentCouldBeFinal"
"275","com.cognizant.service","src/com/cognizant/service/ViewHomeLoanService.java","4","9","Avoid unused imports such as 'com.cognizant.entity.UserDetails'","Import Statement Rules","UnusedImports"
"276","com.cognizant.service","src/com/cognizant/service/ViewHomeLoanService.java","4","9","Avoid unused imports such as 'com.cognizant.entity.UserDetails'","Import Statement Rules","UnusedImports"
"277","com.cognizant.service","src/com/cognizant/service/ViewHomeLoanService.java","3","14","Use explicit scoping instead of the default package private level","Controversial Rules","DefaultPackage"
"278","com.cognizant.service","src/com/cognizant/service/ViewHomeLoanService.java","3","15","Found non-transient, non-static member. Please mark as transient or provide accessors.","JavaBean Rules","BeanMembersShouldSerialize"
"279","com.cognizant.service","src/com/cognizant/service/ViewHomeLoanService.java","3","17","Found non-transient, non-static member. Please mark as transient or provide accessors.","JavaBean Rules","BeanMembersShouldSerialize"
"280","com.cognizant.service","src/com/cognizant/service/ViewHomeLoanService.java","3","17","Perhaps 'homeLoan' could be replaced by a local variable.","Design Rules","SingularField"
"281","com.cognizant.service","src/com/cognizant/service/ViewHomeLoanService.java","3","19","Avoid variables with short names like l","Naming Rules","ShortVariable"
"282","com.cognizant.service","src/com/cognizant/service/ViewHomeLoanService.java","3","19","Parameter 'l' is not assigned and could be declared final","Optimization Rules","MethodArgumentCouldBeFinal"
"283","test.java","src/test/java/TestApplyHomeLoan.java","3","22","Found non-transient, non-static member. Please mark as transient or provide accessors.","JavaBean Rules","BeanMembersShouldSerialize"
"284","test.java","src/test/java/TestApplyHomeLoan.java","3","23","Found non-transient, non-static member. Please mark as transient or provide accessors.","JavaBean Rules","BeanMembersShouldSerialize"
"285","test.java","src/test/java/TestApplyHomeLoan.java","3","23","Private field 'homeLoan' could be made final; it is only initialized in the declaration or constructor.","Design Rules","ImmutableField"
"286","test.java","src/test/java/TestApplyHomeLoan.java","3","24","Use explicit scoping instead of the default package private level","Controversial Rules","DefaultPackage"
"287","test.java","src/test/java/TestApplyHomeLoan.java","3","25","Avoid excessively long variable names like applyHomeLoanService","Naming Rules","LongVariable"
"288","test.java","src/test/java/TestApplyHomeLoan.java","3","25","Found non-transient, non-static member. Please mark as transient or provide accessors.","JavaBean Rules","BeanMembersShouldSerialize"
"289","test.java","src/test/java/TestApplyHomeLoan.java","3","28","You may have misspelled a JUnit framework method (setUp or tearDown)","JUnit Rules","JUnitSpelling"
"290","test.java","src/test/java/TestApplyHomeLoan.java","3","32","Local variable 'home1' could be declared final","Optimization Rules","LocalVariableCouldBeFinal"
"291","test.java","src/test/java/TestApplyHomeLoan.java","3","33","Local variable 'home2' could be declared final","Optimization Rules","LocalVariableCouldBeFinal"
"292","test.java","src/test/java/TestApplyHomeLoan.java","3","36","Local variable 'loanACCNum' could be declared final","Optimization Rules","LocalVariableCouldBeFinal"
"293","test.java","src/test/java/TestApplyHomeLoan.java","3","37","Local variable 'loanACCNum1' could be declared final","Optimization Rules","LocalVariableCouldBeFinal"
"294","test.java","src/test/java/TestApplyHomeLoan.java","3","38","Avoid variables with short names like id","Naming Rules","ShortVariable"
"295","test.java","src/test/java/TestApplyHomeLoan.java","3","38","Local variable 'id' could be declared final","Optimization Rules","LocalVariableCouldBeFinal"
"296","test.java","src/test/java/TestApplyHomeLoan.java","3","54","JUnit tests should include assert() or fail()","JUnit Rules","JUnitTestsShouldIncludeAssert"
"297","test.java","src/test/java/TestApplyHomeLoan.java","3","67","Avoid variables with short names like d1","Naming Rules","ShortVariable"
"298","test.java","src/test/java/TestApplyHomeLoan.java","3","68","Avoid variables with short names like e8","Naming Rules","ShortVariable"
"299","test.java","src/test/java/TestApplyHomeLoan.java","3","70","Avoid variables with short names like id","Naming Rules","ShortVariable"
"300","test.java","src/test/java/TestEducationLoan.java","4","3","Avoid unused imports such as 'org.junit.Assert'","Import Statement Rules","UnusedImports"
"301","test.java","src/test/java/TestEducationLoan.java","3","24","Use explicit scoping instead of the default package private level","Controversial Rules","DefaultPackage"
"302","test.java","src/test/java/TestEducationLoan.java","3","25","Found non-transient, non-static member. Please mark as transient or provide accessors.","JavaBean Rules","BeanMembersShouldSerialize"
"303","test.java","src/test/java/TestEducationLoan.java","3","27","Found non-transient, non-static member. Please mark as transient or provide accessors.","JavaBean Rules","BeanMembersShouldSerialize"
"304","test.java","src/test/java/TestEducationLoan.java","3","28","Found non-transient, non-static member. Please mark as transient or provide accessors.","JavaBean Rules","BeanMembersShouldSerialize"
"305","test.java","src/test/java/TestEducationLoan.java","3","31","You may have misspelled a JUnit framework method (setUp or tearDown)","JUnit Rules","JUnitSpelling"
"306","test.java","src/test/java/TestEducationLoan.java","3","34","Avoid excessively long variable names like loanAccountNumber1","Naming Rules","LongVariable"
"307","test.java","src/test/java/TestEducationLoan.java","3","34","Local variable 'loanAccountNumber1' could be declared final","Optimization Rules","LocalVariableCouldBeFinal"
"308","test.java","src/test/java/TestEducationLoan.java","3","35","Avoid excessively long variable names like loanAccountNumber2","Naming Rules","LongVariable"
"309","test.java","src/test/java/TestEducationLoan.java","3","35","Local variable 'loanAccountNumber2' could be declared final","Optimization Rules","LocalVariableCouldBeFinal"
"310","test.java","src/test/java/TestEducationLoan.java","3","37","Avoid variables with short names like d1","Naming Rules","ShortVariable"
"311","test.java","src/test/java/TestEducationLoan.java","3","37","Local variable 'd1' could be declared final","Optimization Rules","LocalVariableCouldBeFinal"
"312","test.java","src/test/java/TestEducationLoan.java","3","38","Avoid variables with short names like d2","Naming Rules","ShortVariable"
"313","test.java","src/test/java/TestEducationLoan.java","3","38","Local variable 'd2' could be declared final","Optimization Rules","LocalVariableCouldBeFinal"
"314","test.java","src/test/java/TestEducationLoan.java","3","40","Avoid variables with short names like e1","Naming Rules","ShortVariable"
"315","test.java","src/test/java/TestEducationLoan.java","3","40","Local variable 'e1' could be declared final","Optimization Rules","LocalVariableCouldBeFinal"
"316","test.java","src/test/java/TestEducationLoan.java","3","41","Avoid variables with short names like e2","Naming Rules","ShortVariable"
"317","test.java","src/test/java/TestEducationLoan.java","3","62","Avoid printStackTrace(); use a logger call instead.","Java Logging Rules","AvoidPrintStackTrace"
"318","test.java","src/test/java/TestEducationLoan.java","3","68","JUnit 4 tests that execute tests should use the @Test annotation","Migration Rules","JUnit4TestShouldUseTestAnnotation"
"319","test.java","src/test/java/TestEducationLoan.java","3","69","Avoid variables with short names like i","Naming Rules","ShortVariable"
"320","test.java","src/test/java/TestPerformTransaction.java","4","3","Avoid unused imports such as 'org.junit.Assert'","Import Statement Rules","UnusedImports"
"321","test.java","src/test/java/TestPerformTransaction.java","3","21","Use explicit scoping instead of the default package private level","Controversial Rules","DefaultPackage"
"322","test.java","src/test/java/TestPerformTransaction.java","3","22","Found non-transient, non-static member. Please mark as transient or provide accessors.","JavaBean Rules","BeanMembersShouldSerialize"
"323","test.java","src/test/java/TestPerformTransaction.java","3","23","Found non-transient, non-static member. Please mark as transient or provide accessors.","JavaBean Rules","BeanMembersShouldSerialize"
"324","test.java","src/test/java/TestPerformTransaction.java","3","23","Use explicit scoping instead of the default package private level","Controversial Rules","DefaultPackage"
"325","test.java","src/test/java/TestPerformTransaction.java","3","34","JUnit assertions should include a message","JUnit Rules","JUnitAssertionsShouldIncludeMessage"
"326","test.java","src/test/java/TestPerformTransaction.java","3","34","assertTrue(true) or similar statements are unnecessary","JUnit Rules","UnnecessaryBooleanAssertion"
"327","test.java","src/test/java/TestPerformTransaction.java","3","39","Avoid excessively long variable names like transactionDetails","Naming Rules","LongVariable"
"328","test.java","src/test/java/TestPerformTransaction.java","3","39","Local variable 'transactionDetails' could be declared final","Optimization Rules","LocalVariableCouldBeFinal"
"329","test.java","src/test/java/TestPerformTransaction.java","3","40","JUnit assertions should include a message","JUnit Rules","JUnitAssertionsShouldIncludeMessage"
"330","test.java","src/test/java/TestUserDetails.java","4","3","Avoid unused imports such as 'org.junit.Assert'","Import Statement Rules","UnusedImports"
"331","test.java","src/test/java/TestUserDetails.java","4","5","Avoid unused imports such as 'org.junit.Before'","Import Statement Rules","UnusedImports"
"332","test.java","src/test/java/TestUserDetails.java","4","5","Avoid unused imports such as 'org.junit.Before'","Import Statement Rules","UnusedImports"
"333","test.java","src/test/java/TestUserDetails.java","3","20","Use explicit scoping instead of the default package private level","Controversial Rules","DefaultPackage"
"334","test.java","src/test/java/TestUserDetails.java","3","21","Found non-transient, non-static member. Please mark as transient or provide accessors.","JavaBean Rules","BeanMembersShouldSerialize"
"335","test.java","src/test/java/TestUserDetails.java","3","24","You may have misspelled a JUnit framework method (setUp or tearDown)","JUnit Rules","JUnitSpelling"
"336","test.java","src/test/java/TestUserDetails.java","3","25","Avoid unused local variables such as 'user'.","Unused Code Rules","UnusedLocalVariable"
"337","test.java","src/test/java/TestUserDetails.java","5","25","Found 'DU'-anomaly for variable 'user' (lines '25'-'27').","Controversial Rules","DataflowAnomalyAnalysis"
"338","test.java","src/test/java/TestUserDetails.java","3","25","Local variable 'user' could be declared final","Optimization Rules","LocalVariableCouldBeFinal"
"339","test.java","src/test/java/TestUserDetails.java","3","31","Local variable 'user' could be declared final","Optimization Rules","LocalVariableCouldBeFinal"
"340","test.java","src/test/java/TestUserDetails.java","3","33","JUnit assertions should include a message","JUnit Rules","JUnitAssertionsShouldIncludeMessage"
"341","test.java","src/test/java/TestUserDetails.java","3","33","assertTrue(true) or similar statements are unnecessary","JUnit Rules","UnnecessaryBooleanAssertion"
"342","test.java","src/test/java/TestViewEducationLoan.java","4","3","Avoid unused imports such as 'org.junit.Test'","Import Statement Rules","UnusedImports"
"343","test.java","src/test/java/TestViewEducationLoan.java","4","3","Avoid unused imports such as 'org.junit.Test'","Import Statement Rules","UnusedImports"
"344","test.java","src/test/java/TestViewEducationLoan.java","3","18","Each class should declare at least one constructor","Controversial Rules","AtLeastOneConstructor"
"345","test.java","src/test/java/TestViewEducationLoan.java","3","20","Use explicit scoping instead of the default package private level","Controversial Rules","DefaultPackage"
"346","test.java","src/test/java/TestViewEducationLoan.java","3","22","Avoid unused private fields such as 'eduLoan'.","Unused Code Rules","UnusedPrivateField"
"347","test.java","src/test/java/TestViewEducationLoan.java","3","22","Private field 'eduLoan' could be made final; it is only initialized in the declaration or constructor.","Design Rules","ImmutableField"
"348","test.java","src/test/java/TestViewHomeLoan.java","3","19","Use explicit scoping instead of the default package private level","Controversial Rules","DefaultPackage"
"349","test.java","src/test/java/TestViewHomeLoan.java","3","20","Avoid excessively long variable names like viewHOmeLoanService","Naming Rules","LongVariable"
"350","test.java","src/test/java/TestViewHomeLoan.java","3","20","Found non-transient, non-static member. Please mark as transient or provide accessors.","JavaBean Rules","BeanMembersShouldSerialize"
"351","test.java","src/test/java/TestViewHomeLoan.java","3","21","Avoid unused private fields such as 'homeLoan'.","Unused Code Rules","UnusedPrivateField"
"352","test.java","src/test/java/TestViewHomeLoan.java","3","21","Found non-transient, non-static member. Please mark as transient or provide accessors.","JavaBean Rules","BeanMembersShouldSerialize"
"353","test.java","src/test/java/TestViewHomeLoan.java","3","21","Perhaps 'homeLoan' could be replaced by a local variable.","Design Rules","SingularField"
"354","test.java","src/test/java/TestViewHomeLoan.java","3","24","JUnit tests should include assert() or fail()","JUnit Rules","JUnitTestsShouldIncludeAssert"
